<prezi xsi:schemaLocation="http://prezi.com/schema/prezi/2 http://prezi.com/schema/prezi/2" xmlns:xsi="http://www.w3.org/2001/XMLSchema-instance" version="2" xmlns="http://prezi.com/schema/prezi/2"><xFields><xField name="preziType"><xEnum type="PreziType" value="converted-from-core"/></xField></xFields><background><background><layers><array><backgroundImage><assetSourceFilename><string value="Comp 1_2.png"/></assetSourceFilename><depth><double value="35.56454839896604"/></depth><fadeScale><double value="0.06185935430193626"/></fadeScale><height><double value="1440"/></height><localToWorld><transform2D x="19515.3681444288" y="9166.529731376855" scale="114.91355332292731" rotation="0"/></localToWorld><onlineAssetId><string value="866501307"/></onlineAssetId><onlineAssetUrl><string value="http://0103.static.prezi.com.s3.amazonaws.com/media/f/2/5/b5a8e11dac4e34a231208a3a8637ffb268f32.png"/></onlineAssetUrl><width><double value="1615"/></width></backgroundImage></array></layers></background></background><documentStyle><documentStyle><fontClasses><array><fontClass><fontFamily><string value="Heuristica"/></fontFamily><name><string value="body"/></name></fontClass><fontClass><fontFamily><string value="Arimo"/></fontFamily><name><string value="custom-arimo"/></name></fontClass><fontClass><fontFamily><string value="Heuristica"/></fontFamily><fontWeight><fontWeight value="bold"/></fontWeight><name><string value="head"/></name></fontClass><fontClass><fontFamily><string value="Heuristica"/></fontFamily><fontStyle><fontStyle value="italic"/></fontStyle><fontWeight><fontWeight value="bold"/></fontWeight><name><string value="strong"/></name></fontClass></array></fontClasses><fontFamilies><array><fontFamily><fontFaces><array><fontFace><fontSrc><string value="Arimo-Regular.keg"/></fontSrc></fontFace><fontFace><fontSrc><string value="Arimo-Bold.keg"/></fontSrc><fontWeight><fontWeight value="bold"/></fontWeight></fontFace><fontFace><fontSrc><string value="Arimo-Italic.keg"/></fontSrc><fontStyle><fontStyle value="italic"/></fontStyle></fontFace><fontFace><fontSrc><string value="Arimo-BoldItalic.keg"/></fontSrc><fontStyle><fontStyle value="italic"/></fontStyle><fontWeight><fontWeight value="bold"/></fontWeight></fontFace></array></fontFaces><name><string value="Arimo"/></name></fontFamily><fontFamily><fontFaces><array><fontFace><fontSrc><string value="Heuristica-Regular.keg"/></fontSrc></fontFace><fontFace><fontSrc><string value="Heuristica-Bold.keg"/></fontSrc><fontWeight><fontWeight value="bold"/></fontWeight></fontFace><fontFace><fontSrc><string value="Heuristica-BoldItalic.keg"/></fontSrc><fontStyle><fontStyle value="italic"/></fontStyle><fontWeight><fontWeight value="bold"/></fontWeight></fontFace><fontFace><fontSrc><string value="Heuristica-Italic.keg"/></fontSrc><fontStyle><fontStyle value="italic"/></fontStyle></fontFace></array></fontFaces><name><string value="Heuristica"/></name></fontFamily></array></fontFamilies><styleDeclarations><array><styleDeclaration><styleBlock><styleBlock><gradEndAlpha><double value="0.7"/></gradEndAlpha><gradStartAlpha><double value="0.5"/></gradStartAlpha></styleBlock></styleBlock><styleSelector><simpleSelector value="zCircle"/></styleSelector></styleDeclaration><styleDeclaration><styleBlock><styleBlock><color><color value="#4A2748"/></color><fillType><fillType value="linear"/></fillType><gradEndColor><color value="#4A2748"/></gradEndColor><gradStartColor><color value="#4A2748"/></gradStartColor></styleBlock></styleBlock><styleSelector><simpleSelector value="*.line1"/></styleSelector></styleDeclaration><styleDeclaration><styleBlock><styleBlock><color><color value="#01A2A6"/></color><fillType><fillType value="linear"/></fillType><gradEndColor><color value="#01A2A6"/></gradEndColor><gradStartColor><color value="#01A2A6"/></gradStartColor></styleBlock></styleBlock><styleSelector><simpleSelector value="*.line2"/></styleSelector></styleDeclaration><styleDeclaration><styleBlock><styleBlock><color><color value="#F5827F"/></color><fillType><fillType value="linear"/></fillType><gradEndColor><color value="#F5827F"/></gradEndColor><gradStartColor><color value="#F5827F"/></gradStartColor></styleBlock></styleBlock><styleSelector><simpleSelector value="*.line3"/></styleSelector></styleDeclaration><styleDeclaration><styleBlock><styleBlock><color><color value="#00D9C3"/></color><fillType><fillType value="linear"/></fillType><gradEndColor><color value="#00D9C3"/></gradEndColor><gradStartColor><color value="#00D9C3"/></gradStartColor></styleBlock></styleBlock><styleSelector><simpleSelector value="*.line4"/></styleSelector></styleDeclaration><styleDeclaration><styleBlock><styleBlock><color><color value="#FFFFA6"/></color><fillType><fillType value="linear"/></fillType><gradEndColor><color value="#FFFFA6"/></gradEndColor><gradStartColor><color value="#FFFFA6"/></gradStartColor></styleBlock></styleBlock><styleSelector><simpleSelector value="*.line5"/></styleSelector></styleDeclaration><styleDeclaration><styleBlock><styleBlock><fillType><fillType value="linear"/></fillType><gradEndColor><color value="#4A2748"/></gradEndColor><gradStartColor><color value="#4A2748"/></gradStartColor></styleBlock></styleBlock><styleSelector><simpleSelector value="*.poly1"/></styleSelector></styleDeclaration><styleDeclaration><styleBlock><styleBlock><fillType><fillType value="linear"/></fillType><gradEndColor><color value="#01A2A6"/></gradEndColor><gradStartColor><color value="#01A2A6"/></gradStartColor></styleBlock></styleBlock><styleSelector><simpleSelector value="*.poly2"/></styleSelector></styleDeclaration><styleDeclaration><styleBlock><styleBlock><fillType><fillType value="linear"/></fillType><gradEndColor><color value="#F5827F"/></gradEndColor><gradStartColor><color value="#F5827F"/></gradStartColor></styleBlock></styleBlock><styleSelector><simpleSelector value="*.poly3"/></styleSelector></styleDeclaration><styleDeclaration><styleBlock><styleBlock><fillType><fillType value="linear"/></fillType><gradEndColor><color value="#00D9C3"/></gradEndColor><gradStartColor><color value="#00D9C3"/></gradStartColor></styleBlock></styleBlock><styleSelector><simpleSelector value="*.poly4"/></styleSelector></styleDeclaration><styleDeclaration><styleBlock><styleBlock><fillType><fillType value="linear"/></fillType><gradEndColor><color value="#FFFFA6"/></gradEndColor><gradStartColor><color value="#FFFFA6"/></gradStartColor></styleBlock></styleBlock><styleSelector><simpleSelector value="*.poly5"/></styleSelector></styleDeclaration><styleDeclaration><styleBlock><styleBlock><fillType><fillType value="linear"/></fillType><gradEndColor><color value="#90EE90"/></gradEndColor><gradStartColor><color value="#90EE90"/></gradStartColor></styleBlock></styleBlock><styleSelector><simpleSelector value="background"/></styleSelector></styleDeclaration><styleDeclaration><styleBlock><styleBlock><fillType><fillType value="linear"/></fillType><gradEndColor><color value="#FFFFFF"/></gradEndColor><gradStartColor><color value="#FFFFFF"/></gradStartColor><thickness><double value="7"/></thickness></styleBlock></styleBlock><styleSelector><simpleSelector value="zArrow"/></styleSelector></styleDeclaration><styleDeclaration><styleBlock><styleBlock><borderAlpha><double value="1"/></borderAlpha><gradEndAlpha><double value="1"/></gradEndAlpha><gradStartAlpha><double value="1"/></gradStartAlpha><radius><double value="0"/></radius><thickness><double value="100"/></thickness></styleBlock></styleBlock><styleSelector><simpleSelector value="zCircle"/></styleSelector></styleDeclaration><styleDeclaration><styleBlock><styleBlock><color><color value="#FFFFFF"/></color></styleBlock></styleBlock><styleSelector><simpleSelector value="zPencil"/></styleSelector></styleDeclaration><styleDeclaration><styleBlock><styleBlock><borderAlpha><double value="0"/></borderAlpha><borderThickness><double value="0"/></borderThickness><fillType><fillType value="linear"/></fillType><gradEndAlpha><double value="1"/></gradEndAlpha><gradEndColor><color value="#4A2748"/></gradEndColor><gradStartAlpha><double value="1"/></gradStartAlpha><gradStartColor><color value="#4A2748"/></gradStartColor><padding><double value="1.03"/></padding><thickness><double value="8"/></thickness></styleBlock></styleBlock><styleSelector><simpleSelector value="zBracketFrame"/></styleSelector></styleDeclaration><styleDeclaration><styleBlock><styleBlock><borderAlpha><double value="0"/></borderAlpha><borderThickness><double value="0"/></borderThickness><fillType><fillType value="linear"/></fillType><gradEndAlpha><double value="1"/></gradEndAlpha><gradEndColor><color value="#00D9C3"/></gradEndColor><gradStartAlpha><double value="1"/></gradStartAlpha><gradStartColor><color value="#00D9C3"/></gradStartColor><padding><double value="1.03"/></padding><thickness><double value="8"/></thickness></styleBlock></styleBlock><styleSelector><simpleSelector value="zCircleFrame"/></styleSelector></styleDeclaration><styleDeclaration><styleBlock><styleBlock><borderAlpha><double value="1"/></borderAlpha><borderColor><color value="#29D9C2"/></borderColor><borderThickness><double value="5"/></borderThickness><fillType><fillType value="linear"/></fillType><gradEndAlpha><double value="0.6"/></gradEndAlpha><gradEndColor><color value="#29D9C2"/></gradEndColor><gradStartAlpha><double value="0.6"/></gradStartAlpha><gradStartColor><color value="#29D9C2"/></gradStartColor><padding><double value="1.03"/></padding><radius><double value="3"/></radius></styleBlock></styleBlock><styleSelector><simpleSelector value="zRectangleFrame"/></styleSelector></styleDeclaration><styleDeclaration><styleBlock><styleBlock><padding><double value="1.2"/></padding></styleBlock></styleBlock><styleSelector><simpleSelector value="zText"/></styleSelector></styleDeclaration><styleDeclaration><styleBlock><styleBlock><color><color value="#333333"/></color><fontClass><string value="body"/></fontClass></styleBlock></styleBlock><styleSelector><simpleSelector value="zText.body"/></styleSelector></styleDeclaration><styleDeclaration><styleBlock><styleBlock><backgroundAlpha><double value="0.7"/></backgroundAlpha><backgroundColor><color value="#FFFFA6"/></backgroundColor><backgroundPadding><double value="4"/></backgroundPadding></styleBlock></styleBlock><styleSelector><simpleSelector value="zText.body-background"/></styleSelector></styleDeclaration><styleDeclaration><styleBlock><styleBlock><color><color value="#333333"/></color><fontClass><string value="head"/></fontClass></styleBlock></styleBlock><styleSelector><simpleSelector value="zText.title"/></styleSelector></styleDeclaration><styleDeclaration><styleBlock><styleBlock><backgroundAlpha><double value="0.8"/></backgroundAlpha><backgroundColor><color value="#F2827F"/></backgroundColor><backgroundPadding><double value="4"/></backgroundPadding></styleBlock></styleBlock><styleSelector><simpleSelector value="zText.title-background"/></styleSelector></styleDeclaration><styleDeclaration><styleBlock><styleBlock><color><color value="#4A2748"/></color><fontClass><string value="strong"/></fontClass></styleBlock></styleBlock><styleSelector><simpleSelector value="zText.subtitle"/></styleSelector></styleDeclaration><styleDeclaration><styleBlock><styleBlock><backgroundAlpha><double value="0.7"/></backgroundAlpha><backgroundColor><color value="#FFFFA6"/></backgroundColor><backgroundPadding><double value="4"/></backgroundPadding></styleBlock></styleBlock><styleSelector><simpleSelector value="zText.subtitle-background"/></styleSelector></styleDeclaration><styleDeclaration><styleBlock><styleBlock><color><color value="#FFFFFF"/></color></styleBlock></styleBlock><styleSelector><simpleSelector value="zLine"/></styleSelector></styleDeclaration><styleDeclaration><styleBlock><styleBlock><alpha><double value="0.75"/></alpha><color><color value="#EFF50A"/></color></styleBlock></styleBlock><styleSelector><simpleSelector value="zMarker"/></styleSelector></styleDeclaration><styleDeclaration><styleBlock><styleBlock><borderAlpha><double value="0"/></borderAlpha><borderThickness><double value="0"/></borderThickness><gradEndAlpha><double value="1"/></gradEndAlpha><gradStartAlpha><double value="1"/></gradStartAlpha><radius><double value="0"/></radius><thickness><double value="100"/></thickness></styleBlock></styleBlock><styleSelector><simpleSelector value="zTriangle"/></styleSelector></styleDeclaration><styleDeclaration><styleBlock><styleBlock><borderAlpha><double value="0"/></borderAlpha><borderThickness><double value="0"/></borderThickness><gradEndAlpha><double value="1"/></gradEndAlpha><gradStartAlpha><double value="1"/></gradStartAlpha><radius><double value="0"/></radius><thickness><double value="100"/></thickness></styleBlock></styleBlock><styleSelector><simpleSelector value="zSquare"/></styleSelector></styleDeclaration><styleDeclaration><styleBlock><styleBlock><fontClass><string value="custom-arimo"/></fontClass></styleBlock></styleBlock><styleSelector><simpleSelector value="#0"/></styleSelector></styleDeclaration><styleDeclaration><styleBlock><styleBlock><borderColor><color value="#333333"/></borderColor></styleBlock></styleBlock><styleSelector><simpleSelector value="#0_253942665"/></styleSelector></styleDeclaration><styleDeclaration><styleBlock><styleBlock><fontClass><string value="custom-arimo"/></fontClass></styleBlock></styleBlock><styleSelector><simpleSelector value="#0_30863873"/></styleSelector></styleDeclaration><styleDeclaration><styleBlock><styleBlock><borderColor><color value="#333333"/></borderColor></styleBlock></styleBlock><styleSelector><simpleSelector value="#10_253942665"/></styleSelector></styleDeclaration><styleDeclaration><styleBlock><styleBlock><fontClass><string value="custom-arimo"/></fontClass></styleBlock></styleBlock><styleSelector><simpleSelector value="#10_30863873"/></styleSelector></styleDeclaration><styleDeclaration><styleBlock><styleBlock><fontClass><string value="custom-arimo"/></fontClass></styleBlock></styleBlock><styleSelector><simpleSelector value="#11_253942665"/></styleSelector></styleDeclaration><styleDeclaration><styleBlock><styleBlock><fontClass><string value="custom-arimo"/></fontClass></styleBlock></styleBlock><styleSelector><simpleSelector value="#11_30863873"/></styleSelector></styleDeclaration><styleDeclaration><styleBlock><styleBlock><fontClass><string value="custom-arimo"/></fontClass></styleBlock></styleBlock><styleSelector><simpleSelector value="#12_253942665"/></styleSelector></styleDeclaration><styleDeclaration><styleBlock><styleBlock><fontClass><string value="custom-arimo"/></fontClass></styleBlock></styleBlock><styleSelector><simpleSelector value="#12_4"/></styleSelector></styleDeclaration><styleDeclaration><styleBlock><styleBlock><fontClass><string value="custom-arimo"/></fontClass></styleBlock></styleBlock><styleSelector><simpleSelector value="#13_253942665"/></styleSelector></styleDeclaration><styleDeclaration><styleBlock><styleBlock><borderColor><color value="#333333"/></borderColor></styleBlock></styleBlock><styleSelector><simpleSelector value="#14_253942665"/></styleSelector></styleDeclaration><styleDeclaration><styleBlock><styleBlock><fontClass><string value="custom-arimo"/></fontClass></styleBlock></styleBlock><styleSelector><simpleSelector value="#15_253942665"/></styleSelector></styleDeclaration><styleDeclaration><styleBlock><styleBlock><borderColor><color value="#333333"/></borderColor></styleBlock></styleBlock><styleSelector><simpleSelector value="#16_253942665"/></styleSelector></styleDeclaration><styleDeclaration><styleBlock><styleBlock><fontClass><string value="custom-arimo"/></fontClass></styleBlock></styleBlock><styleSelector><simpleSelector value="#17_253942665"/></styleSelector></styleDeclaration><styleDeclaration><styleBlock><styleBlock><borderColor><color value="#333333"/></borderColor></styleBlock></styleBlock><styleSelector><simpleSelector value="#18_253942665"/></styleSelector></styleDeclaration><styleDeclaration><styleBlock><styleBlock><fontClass><string value="custom-arimo"/></fontClass></styleBlock></styleBlock><styleSelector><simpleSelector value="#19_253942665"/></styleSelector></styleDeclaration><styleDeclaration><styleBlock><styleBlock><fontClass><string value="custom-arimo"/></fontClass></styleBlock></styleBlock><styleSelector><simpleSelector value="#1_253942665"/></styleSelector></styleDeclaration><styleDeclaration><styleBlock><styleBlock><fontClass><string value="custom-arimo"/></fontClass></styleBlock></styleBlock><styleSelector><simpleSelector value="#1_30863873"/></styleSelector></styleDeclaration><styleDeclaration><styleBlock><styleBlock><fontClass><string value="custom-arimo"/></fontClass></styleBlock></styleBlock><styleSelector><simpleSelector value="#2"/></styleSelector></styleDeclaration><styleDeclaration><styleBlock><styleBlock><fontClass><string value="custom-arimo"/></fontClass></styleBlock></styleBlock><styleSelector><simpleSelector value="#22_253942665"/></styleSelector></styleDeclaration><styleDeclaration><styleBlock><styleBlock><fontClass><string value="custom-arimo"/></fontClass></styleBlock></styleBlock><styleSelector><simpleSelector value="#23_253942665"/></styleSelector></styleDeclaration><styleDeclaration><styleBlock><styleBlock><borderColor><color value="#333333"/></borderColor></styleBlock></styleBlock><styleSelector><simpleSelector value="#24_253942665"/></styleSelector></styleDeclaration><styleDeclaration><styleBlock><styleBlock><fontClass><string value="custom-arimo"/></fontClass></styleBlock></styleBlock><styleSelector><simpleSelector value="#25_253942665"/></styleSelector></styleDeclaration><styleDeclaration><styleBlock><styleBlock><fontClass><string value="custom-arimo"/></fontClass></styleBlock></styleBlock><styleSelector><simpleSelector value="#26_253942665"/></styleSelector></styleDeclaration><styleDeclaration><styleBlock><styleBlock><borderColor><color value="#333333"/></borderColor></styleBlock></styleBlock><styleSelector><simpleSelector value="#28_30863873"/></styleSelector></styleDeclaration><styleDeclaration><styleBlock><styleBlock><borderColor><color value="#333333"/></borderColor></styleBlock></styleBlock><styleSelector><simpleSelector value="#29_30863873"/></styleSelector></styleDeclaration><styleDeclaration><styleBlock><styleBlock><fontClass><string value="custom-arimo"/></fontClass></styleBlock></styleBlock><styleSelector><simpleSelector value="#2_253942665"/></styleSelector></styleDeclaration><styleDeclaration><styleBlock><styleBlock><borderColor><color value="#333333"/></borderColor></styleBlock></styleBlock><styleSelector><simpleSelector value="#30_30863873"/></styleSelector></styleDeclaration><styleDeclaration><styleBlock><styleBlock><borderColor><color value="#333333"/></borderColor></styleBlock></styleBlock><styleSelector><simpleSelector value="#31_30863873"/></styleSelector></styleDeclaration><styleDeclaration><styleBlock><styleBlock><borderColor><color value="#333333"/></borderColor></styleBlock></styleBlock><styleSelector><simpleSelector value="#32_30863873"/></styleSelector></styleDeclaration><styleDeclaration><styleBlock><styleBlock><borderColor><color value="#333333"/></borderColor></styleBlock></styleBlock><styleSelector><simpleSelector value="#3_253942665"/></styleSelector></styleDeclaration><styleDeclaration><styleBlock><styleBlock><fontClass><string value="custom-arimo"/></fontClass></styleBlock></styleBlock><styleSelector><simpleSelector value="#4_253942665"/></styleSelector></styleDeclaration><styleDeclaration><styleBlock><styleBlock><fontClass><string value="custom-arimo"/></fontClass></styleBlock></styleBlock><styleSelector><simpleSelector value="#5_253942665"/></styleSelector></styleDeclaration><styleDeclaration><styleBlock><styleBlock><borderColor><color value="#333333"/></borderColor></styleBlock></styleBlock><styleSelector><simpleSelector value="#6_253942665"/></styleSelector></styleDeclaration><styleDeclaration><styleBlock><styleBlock><fontClass><string value="custom-arimo"/></fontClass></styleBlock></styleBlock><styleSelector><simpleSelector value="#6_30863873"/></styleSelector></styleDeclaration><styleDeclaration><styleBlock><styleBlock><fontClass><string value="custom-arimo"/></fontClass></styleBlock></styleBlock><styleSelector><simpleSelector value="#7_253942665"/></styleSelector></styleDeclaration><styleDeclaration><styleBlock><styleBlock><fontClass><string value="custom-arimo"/></fontClass></styleBlock></styleBlock><styleSelector><simpleSelector value="#7_30863873"/></styleSelector></styleDeclaration><styleDeclaration><styleBlock><styleBlock><fontClass><string value="custom-arimo"/></fontClass></styleBlock></styleBlock><styleSelector><simpleSelector value="#8_253942665"/></styleSelector></styleDeclaration><styleDeclaration><styleBlock><styleBlock><fontClass><string value="custom-arimo"/></fontClass></styleBlock></styleBlock><styleSelector><simpleSelector value="#8_30863873"/></styleSelector></styleDeclaration><styleDeclaration><styleBlock><styleBlock><borderColor><color value="#333333"/></borderColor></styleBlock></styleBlock><styleSelector><simpleSelector value="#9_253942665"/></styleSelector></styleDeclaration><styleDeclaration><styleBlock><styleBlock><fontClass><string value="custom-arimo"/></fontClass></styleBlock></styleBlock><styleSelector><simpleSelector value="#9_30863873"/></styleSelector></styleDeclaration></array></styleDeclarations></documentStyle></documentStyle><path><array><flyToObject><target><ref value="1_24309637"/></target></flyToObject><flyToObject><target><ref value="28_30863873"/></target></flyToObject><flyToObject><target><ref value="29_30863873"/></target></flyToObject><flyToObject><target><ref value="0_253942665"/></target></flyToObject><flyToObject><target><ref value="6_253942665"/></target></flyToObject><flyToObject><target><ref value="3_253942665"/></target></flyToObject><flyToObject><target><ref value="31_30863873"/></target></flyToObject><flyToObject><target><ref value="30_30863873"/></target></flyToObject><flyToObject><target><ref value="18_253942665"/></target></flyToObject><flyToObject><target><ref value="32_30863873"/></target></flyToObject><flyToObject><target><ref value="9_253942665"/></target></flyToObject><flyToObject><target><ref value="14_253942665"/></target></flyToObject><flyToObject><target><ref value="16_253942665"/></target></flyToObject><flyToObject><target><ref value="24_253942665"/></target></flyToObject><flyToObject><target><ref value="10_253942665"/></target></flyToObject></array></path><zObjects><array><zInvisibleFrame><height><double value="538.8688761569865"/></height><id><string value="1_24309637"/></id><localToWorld><transform2D x="-1.9892417840465172E-12" y="0" scale="93.10695071779296" rotation="0"/></localToWorld><styleClasses><array><token value="invisible"/></array></styleClasses><width><double value="831.0598407373993"/></width></zInvisibleFrame><zCircleFrame><height><double value="784.849772649475"/></height><id><string value="18_253942665"/></id><localToWorld><transform2D x="-12023.077948361108" y="12285.014898302135" scale="15.865767536400831" rotation="0"/></localToWorld><styleClasses><array><token value="circle"/></array></styleClasses><width><double value="784.849772649475"/></width></zCircleFrame><zImage><assetSourceFilename><string value="homeautomation.jpg"/></assetSourceFilename><height><double value="567"/></height><id><string value="20_253942665"/></id><localToWorld><transform2D x="-12023.187308084707" y="12909.130840892192" scale="8.929157757933416" rotation="0"/></localToWorld><onlineAssetId><string value="4749363564"/></onlineAssetId><onlineAssetUrl><string value="http://0103.static.prezi.com.s3.amazonaws.com/media/8/7/5/26cf17541e88b88ce0bb5de51d2c64db1a963.jpg"/></onlineAssetUrl><width><double value="986"/></width></zImage><zCircleFrame><height><double value="800"/></height><id><string value="28_30863873"/></id><localToWorld><transform2D x="1750.028727144713" y="-5739.289805775364" scale="30.208651216097405" rotation="0"/></localToWorld><styleClasses><array><token value="circle"/></array></styleClasses><width><double value="800"/></width></zCircleFrame><zCircleFrame><height><double value="600"/></height><id><string value="29_30863873"/></id><localToWorld><transform2D x="-16291.89003802082" y="-17745.783403113488" scale="19.549297538851825" rotation="0"/></localToWorld><styleClasses><array><token value="circle"/></array></styleClasses><width><double value="600.3291278113"/></width></zCircleFrame><zCircleFrame><height><double value="800"/></height><id><string value="30_30863873"/></id><localToWorld><transform2D x="19939.794053307436" y="-17585.37471601827" scale="11.935473483676402" rotation="0"/></localToWorld><styleClasses><array><token value="circle"/></array></styleClasses><width><double value="800"/></width></zCircleFrame><zCircleFrame><height><double value="600"/></height><id><string value="31_30863873"/></id><localToWorld><transform2D x="-22431.312390194045" y="-1318.2343614289878" scale="25.6832515664016" rotation="0"/></localToWorld><styleClasses><array><token value="circle"/></array></styleClasses><width><double value="600.250521920668"/></width></zCircleFrame><zCircleFrame><height><double value="800"/></height><id><string value="32_30863873"/></id><localToWorld><transform2D x="27501.145384017815" y="-3324.5302312554654" scale="19.978245372946212" rotation="0"/></localToWorld><styleClasses><array><token value="circle"/></array></styleClasses><width><double value="800"/></width></zCircleFrame><zText><id><string value="12_4"/></id><localToWorld><transform2D x="1746.2267431914488" y="-11569.423777536636" scale="65.69143953952091" rotation="0"/></localToWorld><styleClasses><array><token value="subtitle"/></array></styleClasses><text><text><width>232.7773877898388</width><p align="center"><span weight="bold"><![CDATA[CAS-FEE @ HSR]]></span></p><p align="center"><span weight="bold"><![CDATA[Projekt 2]]></span></p></text></text></zText><zText><id><string value="6_30863873"/></id><localToWorld><transform2D x="-22434.70986502895" y="-5872.432725111515" scale="45.626913769937715" rotation="0"/></localToWorld><styleClasses><array><token value="subtitle"/></array></styleClasses><text><text><width>220.4993900181616</width><p align="center"><span weight="bold"><![CDATA[Positives]]></span></p></text></text></zText><zText><id><string value="7_30863873"/></id><localToWorld><transform2D x="-22617.10353915062" y="-1201.640270344059" scale="28.340838512060852" rotation="0"/></localToWorld><styleClasses><array><token value="body"/></array></styleClasses><text><text><width>497.166011829292</width><p indent="1" listType="bullet"><span><![CDATA[wir haben es geschafft (und sind geschafft)]]></span></p><p indent="1" listType="bullet"><span><![CDATA[spannendes Projekt]]></span></p><p indent="1" listType="bullet"><span><![CDATA[Technologiestack]]></span></p><p indent="1" listType="bullet"><span><![CDATA[gutes Teamwork]]></span></p><p indent="1" listType="bullet"><span><![CDATA[Zusammenarbeit über GitHub]]></span></p></text></text></zText><zText><id><string value="8_30863873"/></id><localToWorld><transform2D x="27499.031789087592" y="-7533.676166704054" scale="50.786619648256384" rotation="0"/></localToWorld><styleClasses><array><token value="subtitle"/></array></styleClasses><text><text><width>220.4993900181616</width><p align="center"><span weight="bold"><![CDATA[Was haben wir gelernt]]></span></p></text></text></zText><zText><id><string value="9_30863873"/></id><localToWorld><transform2D x="27899.451264347008" y="-2646.415786043958" scale="25.57696236283159" rotation="0"/></localToWorld><styleClasses><array><token value="body"/></array></styleClasses><text><text><width>541.1237784827681</width><p indent="1" listType="bullet"><span><![CDATA[Projektumfang besser abschätzen]]></span></p><p indent="1" listType="bullet"><span><![CDATA[Mehr Zeit für Planung und Designbesprechungen nehmen]]></span></p><p indent="1" listType="bullet"><span><![CDATA[Häuferige Kommunikation per Telefon]]></span></p><p indent="1" listType="bullet"><span><![CDATA[Einen rechten Teil von Angular 2 - 4 kennengelernt]]></span></p><p indent="1" listType="bullet"><span><![CDATA[Typescript auf gutem Level]]></span></p></text></text></zText><zText><id><string value="10_30863873"/></id><localToWorld><transform2D x="19858.010617834472" y="-20561.70616363056" scale="43.05515993027965" rotation="0"/></localToWorld><styleClasses><array><token value="subtitle"/></array></styleClasses><text><text><width>220.4993900181616</width><p align="center"><span weight="bold"><![CDATA[Negatives]]></span></p></text></text></zText><zText><id><string value="11_30863873"/></id><localToWorld><transform2D x="20082.743745420503" y="-17610.212709257346" scale="15.182248630904054" rotation="0"/></localToWorld><styleClasses><array><token value="body"/></array></styleClasses><text><text><width>546.9940391805679</width><p indent="1" listType="bullet"><span><![CDATA[Zu viel Zeit für die Serverimplementierung verwendet, als Folge Zeitdruck für Clientimplementierung]]></span></p><p indent="1" listType="bullet"><span><![CDATA[Kommunikation herausfordernd, mehr fixe Termine wären von Vorteil gewesen -> bessere Lösungen bei Grundsachenentscheiden]]></span></p><p indent="1" listType="bullet"><span><![CDATA[Modellierung der Devices zu sehr hardwarefokusiert]]></span></p></text></text></zText><zText><id><string value="0_30863873"/></id><localToWorld><transform2D x="-16428.7486298875" y="-21491.9199725794" scale="45.626913769937715" rotation="0"/></localToWorld><styleClasses><array><token value="subtitle"/></array></styleClasses><text><text><width>220.4993900181616</width><p align="center"><span weight="bold"><![CDATA[Umfang]]></span></p></text></text></zText><zText><id><string value="1_30863873"/></id><localToWorld><transform2D x="-15538.925578086442" y="-18405.536706579143" scale="20.44495538233492" rotation="0"/></localToWorld><styleClasses><array><token value="body"/></array></styleClasses><text><text><width>469.0751557993766</width><p indent="1" listType="bullet"><span><![CDATA[Steuerung von Rollläden]]></span></p><p indent="1" listType="bullet"><span><![CDATA[Visualisierung von Temperaturen]]></span></p><p indent="1" listType="bullet"><span><![CDATA[Visualisierung Luftfeuchtigkeit]]></span></p><p indent="1" listType="bullet"><span><![CDATA[Benutzermanagement]]></span></p><p indent="1" listType="bullet"><span><![CDATA[Devicemanagement]]></span></p></text></text></zText><zText><id><string value="0"/></id><localToWorld><transform2D x="1748.1860292503302" y="-5526.985571945882" scale="87.5679940350066" rotation="0"/></localToWorld><styleClasses><array><token value="subtitle"/></array></styleClasses><text><text><width>232.8</width><p align="center"><span weight="bold"><![CDATA[HOMEAUTOMATION]]></span></p></text></text></zText><zText><id><string value="2"/></id><localToWorld><transform2D x="1748.4505763084032" y="1426.6870458773951" scale="57.66447814331109" rotation="0"/></localToWorld><styleClasses><array><token value="title"/></array></styleClasses><text><text><width>223.9168641300049</width><p align="center"><span color="4859720"><![CDATA[David Leuenberger]]></span></p><p align="center"><span color="4859720"><![CDATA[Stephan Keel]]></span></p></text></text></zText><zCircleFrame><height><double value="800"/></height><id><string value="0_253942665"/></id><localToWorld><transform2D x="-19182.68047666738" y="-15157.913830384708" scale="3.183308528870272" rotation="0"/></localToWorld><styleClasses><array><token value="circle"/></array></styleClasses><width><double value="800"/></width></zCircleFrame><zText><id><string value="1_253942665"/></id><localToWorld><transform2D x="-19183.297368373707" y="-15830.649600498731" scale="11.272802145296623" rotation="0"/></localToWorld><styleClasses><array><token value="title"/></array></styleClasses><text><text><width>220.4993900181616</width><p align="center"><span weight="bold"><![CDATA[Technologien]]></span></p></text></text></zText><zText><id><string value="2_253942665"/></id><localToWorld><transform2D x="-19183.30049141206" y="-15026.758887075564" scale="7.313350621518069" rotation="0"/></localToWorld><styleClasses><array><token value="body"/></array></styleClasses><text><text><width>260.0752550037914</width><p indent="1" listType="bullet"><span><![CDATA[Angular Client]]></span></p><p indent="1" listType="bullet"><span><![CDATA[Node Server]]></span></p><p indent="1" listType="bullet"><span><![CDATA[Express]]></span></p><p indent="1" listType="bullet"><span><![CDATA[REST, WebSocket]]></span></p><p indent="1" listType="bullet"><span><![CDATA[MongoDb]]></span></p><p indent="1" listType="bullet"><span><![CDATA[Typescript]]></span></p></text></text></zText><zCircleFrame><height><double value="800"/></height><id><string value="6_253942665"/></id><localToWorld><transform2D x="-16291.482157302202" y="-14021.240245815725" scale="3.183308528870272" rotation="0"/></localToWorld><styleClasses><array><token value="circle"/></array></styleClasses><width><double value="800"/></width></zCircleFrame><zText><id><string value="7_253942665"/></id><localToWorld><transform2D x="-16292.059810162904" y="-14953.55013551922" scale="11.272802145296623" rotation="0"/></localToWorld><styleClasses><array><token value="title"/></array></styleClasses><text><text><width>220.4993900181616</width><p align="center"><span weight="bold"><![CDATA[Server]]></span></p></text></text></zText><zText><id><string value="8_253942665"/></id><localToWorld><transform2D x="-16319.312596515014" y="-14067.32216746362" scale="6.2499778271113025" rotation="0"/></localToWorld><styleClasses><array><token value="body"/></array></styleClasses><text><text><width>372.9239074363393</width><p indent="1" listType="bullet"><span><![CDATA[Produktion auf Beaglebone Black (ARM)]]></span></p><p indent="1" listType="bullet"><span><![CDATA[Entwicklung mit HW Simulation ]]></span></p><p indent="1" listType="bullet"><span><![CDATA[Gulp Building Tool]]></span></p><p indent="1" listType="bullet"><span><![CDATA[Unit Test, Integration Tests]]></span></p></text></text></zText><zCircleFrame><height><double value="800"/></height><id><string value="9_253942665"/></id><localToWorld><transform2D x="18198.73628311059" y="12990.832687258757" scale="17.037771132627007" rotation="0"/></localToWorld><styleClasses><array><token value="circle"/></array></styleClasses><width><double value="800"/></width></zCircleFrame><zText><id><string value="13_253942665"/></id><localToWorld><transform2D x="18366.603458837864" y="8982.142658945952" scale="36.09975321611326" rotation="0"/></localToWorld><styleClasses><array><token value="title"/></array></styleClasses><text><text><width>-208.04296875</width><p><span weight="bold" color="4859720"><![CDATA[Mögliche nächste ]]></span></p><p align="center"><span weight="bold" color="4859720"><![CDATA[Schritte]]></span></p></text></text></zText><zCircleFrame><height><double value="800"/></height><id><string value="14_253942665"/></id><localToWorld><transform2D x="15739.126739603838" y="17042.063648052277" scale="1.712088221132278" rotation="0"/></localToWorld><styleClasses><array><token value="circle"/></array></styleClasses><width><double value="800"/></width></zCircleFrame><zText><id><string value="15_253942665"/></id><localToWorld><transform2D x="15815.131747506424" y="17041.07941053985" scale="2.9332291426019377" rotation="0"/></localToWorld><styleClasses><array><token value="title"/></array></styleClasses><text><text><width>400.4126776284684</width><p><span weight="bold" color="4859720"><![CDATA[Auftrennung vom Server:]]></span></p><p/><p indent="1" listType="bullet"><span color="4859720"><![CDATA[Node, Express, Mongo auf potenter Hardware]]></span></p><p indent="1" listType="bullet"><span color="4859720"><![CDATA[BeagleBones nur zur Deviceanbindung]]></span></p><p indent="1" listType="bullet"><span color="4859720"><![CDATA[Verwendnung eines standard Homeautomation Protokolls]]></span></p></text></text></zText><zCircleFrame><height><double value="800"/></height><id><string value="16_253942665"/></id><localToWorld><transform2D x="17428.625109513392" y="17589.518424398146" scale="1.9218972424053689" rotation="0"/></localToWorld><styleClasses><array><token value="circle"/></array></styleClasses><width><double value="800"/></width></zCircleFrame><zText><id><string value="17_253942665"/></id><localToWorld><transform2D x="17428.515749789793" y="17207.571175320147" scale="3.6324480687525504" rotation="0"/></localToWorld><styleClasses><array><token value="title"/></array></styleClasses><text><text><width>-228.0703125</width><p align="center"><span weight="bold" color="4859720"><![CDATA[Redesign der]]></span></p><p align="center"><span weight="bold" color="4859720"><![CDATA[Devicemodellierung]]></span></p></text></text></zText><zText><id><string value="19_253942665"/></id><localToWorld><transform2D x="-12025.78418476674" y="8529.94968353037" scale="65.69143953952091" rotation="0"/></localToWorld><styleClasses><array><token value="title"/></array></styleClasses><text><text><width>-66.6796875</width><p><span weight="bold" color="4859720"><![CDATA[Demo]]></span></p></text></text></zText><zImage><assetSourceFilename><string value="dbcn143_hi.jpg"/></assetSourceFilename><height><double value="1350"/></height><id><string value="21_253942665"/></id><localToWorld><transform2D x="18198.84564283418" y="12990.285888640745" scale="4.204495719247345" rotation="0"/></localToWorld><onlineAssetId><string value="4749374761"/></onlineAssetId><onlineAssetUrl><string value="http://0103.static.prezi.com.s3.amazonaws.com/media/c/d/b/7906c30ca85e8e6b22e9e6ff4d1390f59f473.jpg"/></onlineAssetUrl><width><double value="1800"/></width></zImage><zText><id><string value="22_253942665"/></id><localToWorld><transform2D x="17101.771768224706" y="17612.29013958708" scale="3.361385234279964" rotation="0"/></localToWorld><styleClasses><array><token value="title"/></array></styleClasses><text><text><width>-164.0390625</width><p><span weight="bold"><![CDATA[Housekeeping]]></span></p></text></text></zText><zText><id><string value="23_253942665"/></id><localToWorld><transform2D x="17543.505295715288" y="17949.23320093625" scale="2.9332291426019377" rotation="0"/></localToWorld><styleClasses><array><token value="title"/></array></styleClasses><text><text><width>-266.625</width><p><span weight="bold"><![CDATA[MongoDb Modellierung]]></span></p></text></text></zText><zCircleFrame><height><double value="800"/></height><id><string value="24_253942665"/></id><localToWorld><transform2D x="19427.939576384146" y="17566.224803271147" scale="1.6170165442842637" rotation="0"/></localToWorld><styleClasses><array><token value="circle"/></array></styleClasses><width><double value="800"/></width></zCircleFrame><zText><id><string value="25_253942665"/></id><localToWorld><transform2D x="19431.111008368563" y="17150.32977441711" scale="3.9964402594874033" rotation="0"/></localToWorld><styleClasses><array><token value="title"/></array></styleClasses><text><text><width>-138.69140625</width><p align="center"><span weight="bold" color="4859720"><![CDATA[Funktionale]]></span></p><p align="center"><span weight="bold" color="4859720"><![CDATA[Erweiterung]]></span></p></text></text></zText><zText><id><string value="26_253942665"/></id><localToWorld><transform2D x="19475.75955105857" y="17594.47739018977" scale="3.361385234279964" rotation="0"/></localToWorld><styleClasses><array><token value="title"/></array></styleClasses><text><text><width>-305.49609375</width><p indent="1" listType="bullet"><span color="4859720"><![CDATA[Räume]]></span></p><p indent="1" listType="bullet"><span color="4859720"><![CDATA[Gruppenbildung]]></span></p><p indent="1" listType="bullet"><span color="4859720"><![CDATA[Automation der Rollläden]]></span></p><p indent="1" listType="bullet"><span color="4859720"><![CDATA[Alarmierung]]></span></p><p indent="1" listType="bullet"><span color="4859720"><![CDATA[Neue Devices]]></span></p></text></text></zText><zCircleFrame><height><double value="800"/></height><id><string value="3_253942665"/></id><localToWorld><transform2D x="-13398.21353309558" y="-15367.407737169351" scale="2.9317784650736174" rotation="0"/></localToWorld><styleClasses><array><token value="circle"/></array></styleClasses><width><double value="800"/></width></zCircleFrame><zText><id><string value="4_253942665"/></id><localToWorld><transform2D x="-13398.768579660798" y="-16067.87650247211" scale="13.351805475586396" rotation="0"/></localToWorld><styleClasses><array><token value="body"/></array></styleClasses><text><text><width>-66.66796875</width><p><span weight="bold"><![CDATA[Client]]></span></p></text></text></zText><zText><id><string value="5_253942665"/></id><localToWorld><transform2D x="-13300.969374869712" y="-15443.116088664838" scale="5.3911438957067" rotation="0"/></localToWorld><styleClasses><array><token value="body"/></array></styleClasses><text><text><width>403.6375</width><p indent="1" listType="bullet"><span><![CDATA[Single Page Applikation]]></span></p><p indent="1" listType="bullet"><span><![CDATA[Angular 2 - 4]]></span></p><p indent="1" listType="bullet"><span><![CDATA[Angular CLI]]></span></p><p indent="1" listType="bullet"><span><![CDATA[UI-Libs: Material2, PrimeNG]]></span></p><p indent="1" listType="bullet"><span><![CDATA[Unit Tests]]></span></p></text></text></zText><zCircleFrame><height><double value="800"/></height><id><string value="10_253942665"/></id><localToWorld><transform2D x="1750.0865680742172" y="16612.48243810968" scale="6.176993708450611" rotation="0"/></localToWorld><styleClasses><array><token value="circle"/></array></styleClasses><width><double value="800"/></width></zCircleFrame><zText><id><string value="11_253942665"/></id><localToWorld><transform2D x="1693.478743773812" y="15386.018244814217" scale="16.42080727843698" rotation="0"/></localToWorld><styleClasses><array><token value="body"/></array></styleClasses><text><text><width>189.95625</width><p align="center"><span weight="bold"><![CDATA[Danke für Eure Aufmerksamkeit]]></span></p></text></text></zText><zText><id><string value="12_253942665"/></id><localToWorld><transform2D x="1707.572700028933" y="17249.84245986906" scale="28.90496170630046" rotation="0"/></localToWorld><styleClasses><array><token value="body"/></array></styleClasses><text><text><width>-94.67578125</width><p><span weight="bold"><![CDATA[Fragen?]]></span></p></text></text></zText></array></zObjects></prezi>