<prezi xsi:schemaLocation="http://prezi.com/schema/prezi/2 http://prezi.com/schema/prezi/2" xmlns:xsi="http://www.w3.org/2001/XMLSchema-instance" version="2" xmlns="http://prezi.com/schema/prezi/2"><xFields><xField name="preziType"><xEnum type="PreziType" value="converted-from-core"/></xField></xFields><background><background><layers><array><backgroundImage><assetSourceFilename><string value="Comp 1_2.png"/></assetSourceFilename><depth><double value="30.659188607203017"/></depth><fadeScale><double value="0.07175662827173242"/></fadeScale><height><double value="1440"/></height><localToWorld><transform2D x="16823.645445092705" y="7902.205329731884" scale="99.06371551041366" rotation="0"/></localToWorld><onlineAssetId><string value="866501307"/></onlineAssetId><onlineAssetUrl><string value="http://0103.static.prezi.com.s3.amazonaws.com/media/f/2/5/b5a8e11dac4e34a231208a3a8637ffb268f32.png"/></onlineAssetUrl><width><double value="1615"/></width></backgroundImage></array></layers></background></background><documentStyle><documentStyle><fontClasses><array><fontClass><fontFamily><string value="Heuristica"/></fontFamily><name><string value="body"/></name></fontClass><fontClass><fontFamily><string value="Arimo"/></fontFamily><name><string value="custom-arimo"/></name></fontClass><fontClass><fontFamily><string value="Heuristica"/></fontFamily><fontWeight><fontWeight value="bold"/></fontWeight><name><string value="head"/></name></fontClass><fontClass><fontFamily><string value="Heuristica"/></fontFamily><fontStyle><fontStyle value="italic"/></fontStyle><fontWeight><fontWeight value="bold"/></fontWeight><name><string value="strong"/></name></fontClass></array></fontClasses><fontFamilies><array><fontFamily><fontFaces><array><fontFace><fontSrc><string value="Arimo-Regular.keg"/></fontSrc></fontFace><fontFace><fontSrc><string value="Arimo-Bold.keg"/></fontSrc><fontWeight><fontWeight value="bold"/></fontWeight></fontFace><fontFace><fontSrc><string value="Arimo-Italic.keg"/></fontSrc><fontStyle><fontStyle value="italic"/></fontStyle></fontFace><fontFace><fontSrc><string value="Arimo-BoldItalic.keg"/></fontSrc><fontStyle><fontStyle value="italic"/></fontStyle><fontWeight><fontWeight value="bold"/></fontWeight></fontFace></array></fontFaces><name><string value="Arimo"/></name></fontFamily><fontFamily><fontFaces><array><fontFace><fontSrc><string value="Heuristica-Regular.keg"/></fontSrc></fontFace><fontFace><fontSrc><string value="Heuristica-Bold.keg"/></fontSrc><fontWeight><fontWeight value="bold"/></fontWeight></fontFace><fontFace><fontSrc><string value="Heuristica-BoldItalic.keg"/></fontSrc><fontStyle><fontStyle value="italic"/></fontStyle><fontWeight><fontWeight value="bold"/></fontWeight></fontFace><fontFace><fontSrc><string value="Heuristica-Italic.keg"/></fontSrc><fontStyle><fontStyle value="italic"/></fontStyle></fontFace></array></fontFaces><name><string value="Heuristica"/></name></fontFamily></array></fontFamilies><styleDeclarations><array><styleDeclaration><styleBlock><styleBlock><gradEndAlpha><double value="0.7"/></gradEndAlpha><gradStartAlpha><double value="0.5"/></gradStartAlpha></styleBlock></styleBlock><styleSelector><simpleSelector value="zCircle"/></styleSelector></styleDeclaration><styleDeclaration><styleBlock><styleBlock><color><color value="#4A2748"/></color><fillType><fillType value="linear"/></fillType><gradEndColor><color value="#4A2748"/></gradEndColor><gradStartColor><color value="#4A2748"/></gradStartColor></styleBlock></styleBlock><styleSelector><simpleSelector value="*.line1"/></styleSelector></styleDeclaration><styleDeclaration><styleBlock><styleBlock><color><color value="#01A2A6"/></color><fillType><fillType value="linear"/></fillType><gradEndColor><color value="#01A2A6"/></gradEndColor><gradStartColor><color value="#01A2A6"/></gradStartColor></styleBlock></styleBlock><styleSelector><simpleSelector value="*.line2"/></styleSelector></styleDeclaration><styleDeclaration><styleBlock><styleBlock><color><color value="#F5827F"/></color><fillType><fillType value="linear"/></fillType><gradEndColor><color value="#F5827F"/></gradEndColor><gradStartColor><color value="#F5827F"/></gradStartColor></styleBlock></styleBlock><styleSelector><simpleSelector value="*.line3"/></styleSelector></styleDeclaration><styleDeclaration><styleBlock><styleBlock><color><color value="#00D9C3"/></color><fillType><fillType value="linear"/></fillType><gradEndColor><color value="#00D9C3"/></gradEndColor><gradStartColor><color value="#00D9C3"/></gradStartColor></styleBlock></styleBlock><styleSelector><simpleSelector value="*.line4"/></styleSelector></styleDeclaration><styleDeclaration><styleBlock><styleBlock><color><color value="#FFFFA6"/></color><fillType><fillType value="linear"/></fillType><gradEndColor><color value="#FFFFA6"/></gradEndColor><gradStartColor><color value="#FFFFA6"/></gradStartColor></styleBlock></styleBlock><styleSelector><simpleSelector value="*.line5"/></styleSelector></styleDeclaration><styleDeclaration><styleBlock><styleBlock><fillType><fillType value="linear"/></fillType><gradEndColor><color value="#4A2748"/></gradEndColor><gradStartColor><color value="#4A2748"/></gradStartColor></styleBlock></styleBlock><styleSelector><simpleSelector value="*.poly1"/></styleSelector></styleDeclaration><styleDeclaration><styleBlock><styleBlock><fillType><fillType value="linear"/></fillType><gradEndColor><color value="#01A2A6"/></gradEndColor><gradStartColor><color value="#01A2A6"/></gradStartColor></styleBlock></styleBlock><styleSelector><simpleSelector value="*.poly2"/></styleSelector></styleDeclaration><styleDeclaration><styleBlock><styleBlock><fillType><fillType value="linear"/></fillType><gradEndColor><color value="#F5827F"/></gradEndColor><gradStartColor><color value="#F5827F"/></gradStartColor></styleBlock></styleBlock><styleSelector><simpleSelector value="*.poly3"/></styleSelector></styleDeclaration><styleDeclaration><styleBlock><styleBlock><fillType><fillType value="linear"/></fillType><gradEndColor><color value="#00D9C3"/></gradEndColor><gradStartColor><color value="#00D9C3"/></gradStartColor></styleBlock></styleBlock><styleSelector><simpleSelector value="*.poly4"/></styleSelector></styleDeclaration><styleDeclaration><styleBlock><styleBlock><fillType><fillType value="linear"/></fillType><gradEndColor><color value="#FFFFA6"/></gradEndColor><gradStartColor><color value="#FFFFA6"/></gradStartColor></styleBlock></styleBlock><styleSelector><simpleSelector value="*.poly5"/></styleSelector></styleDeclaration><styleDeclaration><styleBlock><styleBlock><fillType><fillType value="linear"/></fillType><gradEndColor><color value="#90EE90"/></gradEndColor><gradStartColor><color value="#90EE90"/></gradStartColor></styleBlock></styleBlock><styleSelector><simpleSelector value="background"/></styleSelector></styleDeclaration><styleDeclaration><styleBlock><styleBlock><fillType><fillType value="linear"/></fillType><gradEndColor><color value="#FFFFFF"/></gradEndColor><gradStartColor><color value="#FFFFFF"/></gradStartColor><thickness><double value="7"/></thickness></styleBlock></styleBlock><styleSelector><simpleSelector value="zArrow"/></styleSelector></styleDeclaration><styleDeclaration><styleBlock><styleBlock><borderAlpha><double value="1"/></borderAlpha><gradEndAlpha><double value="1"/></gradEndAlpha><gradStartAlpha><double value="1"/></gradStartAlpha><radius><double value="0"/></radius><thickness><double value="100"/></thickness></styleBlock></styleBlock><styleSelector><simpleSelector value="zCircle"/></styleSelector></styleDeclaration><styleDeclaration><styleBlock><styleBlock><color><color value="#FFFFFF"/></color></styleBlock></styleBlock><styleSelector><simpleSelector value="zPencil"/></styleSelector></styleDeclaration><styleDeclaration><styleBlock><styleBlock><borderAlpha><double value="0"/></borderAlpha><borderThickness><double value="0"/></borderThickness><fillType><fillType value="linear"/></fillType><gradEndAlpha><double value="1"/></gradEndAlpha><gradEndColor><color value="#4A2748"/></gradEndColor><gradStartAlpha><double value="1"/></gradStartAlpha><gradStartColor><color value="#4A2748"/></gradStartColor><padding><double value="1.03"/></padding><thickness><double value="8"/></thickness></styleBlock></styleBlock><styleSelector><simpleSelector value="zBracketFrame"/></styleSelector></styleDeclaration><styleDeclaration><styleBlock><styleBlock><borderAlpha><double value="0"/></borderAlpha><borderThickness><double value="0"/></borderThickness><fillType><fillType value="linear"/></fillType><gradEndAlpha><double value="1"/></gradEndAlpha><gradEndColor><color value="#00D9C3"/></gradEndColor><gradStartAlpha><double value="1"/></gradStartAlpha><gradStartColor><color value="#00D9C3"/></gradStartColor><padding><double value="1.03"/></padding><thickness><double value="8"/></thickness></styleBlock></styleBlock><styleSelector><simpleSelector value="zCircleFrame"/></styleSelector></styleDeclaration><styleDeclaration><styleBlock><styleBlock><borderAlpha><double value="1"/></borderAlpha><borderColor><color value="#29D9C2"/></borderColor><borderThickness><double value="5"/></borderThickness><fillType><fillType value="linear"/></fillType><gradEndAlpha><double value="0.6"/></gradEndAlpha><gradEndColor><color value="#29D9C2"/></gradEndColor><gradStartAlpha><double value="0.6"/></gradStartAlpha><gradStartColor><color value="#29D9C2"/></gradStartColor><padding><double value="1.03"/></padding><radius><double value="3"/></radius></styleBlock></styleBlock><styleSelector><simpleSelector value="zRectangleFrame"/></styleSelector></styleDeclaration><styleDeclaration><styleBlock><styleBlock><padding><double value="1.2"/></padding></styleBlock></styleBlock><styleSelector><simpleSelector value="zText"/></styleSelector></styleDeclaration><styleDeclaration><styleBlock><styleBlock><color><color value="#333333"/></color><fontClass><string value="body"/></fontClass></styleBlock></styleBlock><styleSelector><simpleSelector value="zText.body"/></styleSelector></styleDeclaration><styleDeclaration><styleBlock><styleBlock><backgroundAlpha><double value="0.7"/></backgroundAlpha><backgroundColor><color value="#FFFFA6"/></backgroundColor><backgroundPadding><double value="4"/></backgroundPadding></styleBlock></styleBlock><styleSelector><simpleSelector value="zText.body-background"/></styleSelector></styleDeclaration><styleDeclaration><styleBlock><styleBlock><color><color value="#333333"/></color><fontClass><string value="head"/></fontClass></styleBlock></styleBlock><styleSelector><simpleSelector value="zText.title"/></styleSelector></styleDeclaration><styleDeclaration><styleBlock><styleBlock><backgroundAlpha><double value="0.8"/></backgroundAlpha><backgroundColor><color value="#F2827F"/></backgroundColor><backgroundPadding><double value="4"/></backgroundPadding></styleBlock></styleBlock><styleSelector><simpleSelector value="zText.title-background"/></styleSelector></styleDeclaration><styleDeclaration><styleBlock><styleBlock><color><color value="#4A2748"/></color><fontClass><string value="strong"/></fontClass></styleBlock></styleBlock><styleSelector><simpleSelector value="zText.subtitle"/></styleSelector></styleDeclaration><styleDeclaration><styleBlock><styleBlock><backgroundAlpha><double value="0.7"/></backgroundAlpha><backgroundColor><color value="#FFFFA6"/></backgroundColor><backgroundPadding><double value="4"/></backgroundPadding></styleBlock></styleBlock><styleSelector><simpleSelector value="zText.subtitle-background"/></styleSelector></styleDeclaration><styleDeclaration><styleBlock><styleBlock><color><color value="#FFFFFF"/></color></styleBlock></styleBlock><styleSelector><simpleSelector value="zLine"/></styleSelector></styleDeclaration><styleDeclaration><styleBlock><styleBlock><alpha><double value="0.75"/></alpha><color><color value="#EFF50A"/></color></styleBlock></styleBlock><styleSelector><simpleSelector value="zMarker"/></styleSelector></styleDeclaration><styleDeclaration><styleBlock><styleBlock><borderAlpha><double value="0"/></borderAlpha><borderThickness><double value="0"/></borderThickness><gradEndAlpha><double value="1"/></gradEndAlpha><gradStartAlpha><double value="1"/></gradStartAlpha><radius><double value="0"/></radius><thickness><double value="100"/></thickness></styleBlock></styleBlock><styleSelector><simpleSelector value="zTriangle"/></styleSelector></styleDeclaration><styleDeclaration><styleBlock><styleBlock><borderAlpha><double value="0"/></borderAlpha><borderThickness><double value="0"/></borderThickness><gradEndAlpha><double value="1"/></gradEndAlpha><gradStartAlpha><double value="1"/></gradStartAlpha><radius><double value="0"/></radius><thickness><double value="100"/></thickness></styleBlock></styleBlock><styleSelector><simpleSelector value="zSquare"/></styleSelector></styleDeclaration><styleDeclaration><styleBlock><styleBlock><fontClass><string value="custom-arimo"/></fontClass></styleBlock></styleBlock><styleSelector><simpleSelector value="#0"/></styleSelector></styleDeclaration><styleDeclaration><styleBlock><styleBlock><borderColor><color value="#333333"/></borderColor></styleBlock></styleBlock><styleSelector><simpleSelector value="#0_253942665"/></styleSelector></styleDeclaration><styleDeclaration><styleBlock><styleBlock><fontClass><string value="custom-arimo"/></fontClass></styleBlock></styleBlock><styleSelector><simpleSelector value="#0_30863873"/></styleSelector></styleDeclaration><styleDeclaration><styleBlock><styleBlock><borderColor><color value="#333333"/></borderColor></styleBlock></styleBlock><styleSelector><simpleSelector value="#10_253942665"/></styleSelector></styleDeclaration><styleDeclaration><styleBlock><styleBlock><fontClass><string value="custom-arimo"/></fontClass></styleBlock></styleBlock><styleSelector><simpleSelector value="#10_30863873"/></styleSelector></styleDeclaration><styleDeclaration><styleBlock><styleBlock><fontClass><string value="custom-arimo"/></fontClass></styleBlock></styleBlock><styleSelector><simpleSelector value="#11_253942665"/></styleSelector></styleDeclaration><styleDeclaration><styleBlock><styleBlock><fontClass><string value="custom-arimo"/></fontClass></styleBlock></styleBlock><styleSelector><simpleSelector value="#11_30863873"/></styleSelector></styleDeclaration><styleDeclaration><styleBlock><styleBlock><fontClass><string value="custom-arimo"/></fontClass></styleBlock></styleBlock><styleSelector><simpleSelector value="#12_253942665"/></styleSelector></styleDeclaration><styleDeclaration><styleBlock><styleBlock><fontClass><string value="custom-arimo"/></fontClass></styleBlock></styleBlock><styleSelector><simpleSelector value="#12_4"/></styleSelector></styleDeclaration><styleDeclaration><styleBlock><styleBlock><fontClass><string value="custom-arimo"/></fontClass></styleBlock></styleBlock><styleSelector><simpleSelector value="#13_253942665"/></styleSelector></styleDeclaration><styleDeclaration><styleBlock><styleBlock><borderColor><color value="#333333"/></borderColor></styleBlock></styleBlock><styleSelector><simpleSelector value="#14_253942665"/></styleSelector></styleDeclaration><styleDeclaration><styleBlock><styleBlock><fontClass><string value="custom-arimo"/></fontClass></styleBlock></styleBlock><styleSelector><simpleSelector value="#15_253942665"/></styleSelector></styleDeclaration><styleDeclaration><styleBlock><styleBlock><borderColor><color value="#333333"/></borderColor></styleBlock></styleBlock><styleSelector><simpleSelector value="#16_253942665"/></styleSelector></styleDeclaration><styleDeclaration><styleBlock><styleBlock><fontClass><string value="custom-arimo"/></fontClass></styleBlock></styleBlock><styleSelector><simpleSelector value="#17_253942665"/></styleSelector></styleDeclaration><styleDeclaration><styleBlock><styleBlock><borderColor><color value="#333333"/></borderColor></styleBlock></styleBlock><styleSelector><simpleSelector value="#18_253942665"/></styleSelector></styleDeclaration><styleDeclaration><styleBlock><styleBlock><fontClass><string value="custom-arimo"/></fontClass></styleBlock></styleBlock><styleSelector><simpleSelector value="#19_253942665"/></styleSelector></styleDeclaration><styleDeclaration><styleBlock><styleBlock><fontClass><string value="custom-arimo"/></fontClass></styleBlock></styleBlock><styleSelector><simpleSelector value="#1_253942665"/></styleSelector></styleDeclaration><styleDeclaration><styleBlock><styleBlock><fontClass><string value="custom-arimo"/></fontClass></styleBlock></styleBlock><styleSelector><simpleSelector value="#1_30863873"/></styleSelector></styleDeclaration><styleDeclaration><styleBlock><styleBlock><fontClass><string value="custom-arimo"/></fontClass></styleBlock></styleBlock><styleSelector><simpleSelector value="#2"/></styleSelector></styleDeclaration><styleDeclaration><styleBlock><styleBlock><fontClass><string value="custom-arimo"/></fontClass></styleBlock></styleBlock><styleSelector><simpleSelector value="#22_253942665"/></styleSelector></styleDeclaration><styleDeclaration><styleBlock><styleBlock><fontClass><string value="custom-arimo"/></fontClass></styleBlock></styleBlock><styleSelector><simpleSelector value="#23_253942665"/></styleSelector></styleDeclaration><styleDeclaration><styleBlock><styleBlock><borderColor><color value="#333333"/></borderColor></styleBlock></styleBlock><styleSelector><simpleSelector value="#24_253942665"/></styleSelector></styleDeclaration><styleDeclaration><styleBlock><styleBlock><fontClass><string value="custom-arimo"/></fontClass></styleBlock></styleBlock><styleSelector><simpleSelector value="#25_253942665"/></styleSelector></styleDeclaration><styleDeclaration><styleBlock><styleBlock><fontClass><string value="custom-arimo"/></fontClass></styleBlock></styleBlock><styleSelector><simpleSelector value="#26_253942665"/></styleSelector></styleDeclaration><styleDeclaration><styleBlock><styleBlock><borderColor><color value="#333333"/></borderColor></styleBlock></styleBlock><styleSelector><simpleSelector value="#28_30863873"/></styleSelector></styleDeclaration><styleDeclaration><styleBlock><styleBlock><borderColor><color value="#333333"/></borderColor></styleBlock></styleBlock><styleSelector><simpleSelector value="#29_30863873"/></styleSelector></styleDeclaration><styleDeclaration><styleBlock><styleBlock><fontClass><string value="custom-arimo"/></fontClass></styleBlock></styleBlock><styleSelector><simpleSelector value="#2_253942665"/></styleSelector></styleDeclaration><styleDeclaration><styleBlock><styleBlock><borderColor><color value="#333333"/></borderColor></styleBlock></styleBlock><styleSelector><simpleSelector value="#30_30863873"/></styleSelector></styleDeclaration><styleDeclaration><styleBlock><styleBlock><borderColor><color value="#333333"/></borderColor></styleBlock></styleBlock><styleSelector><simpleSelector value="#31_30863873"/></styleSelector></styleDeclaration><styleDeclaration><styleBlock><styleBlock><borderColor><color value="#333333"/></borderColor></styleBlock></styleBlock><styleSelector><simpleSelector value="#32_30863873"/></styleSelector></styleDeclaration><styleDeclaration><styleBlock><styleBlock><borderColor><color value="#333333"/></borderColor></styleBlock></styleBlock><styleSelector><simpleSelector value="#3_253942665"/></styleSelector></styleDeclaration><styleDeclaration><styleBlock><styleBlock><fontClass><string value="custom-arimo"/></fontClass></styleBlock></styleBlock><styleSelector><simpleSelector value="#4_253942665"/></styleSelector></styleDeclaration><styleDeclaration><styleBlock><styleBlock><fontClass><string value="custom-arimo"/></fontClass></styleBlock></styleBlock><styleSelector><simpleSelector value="#5_253942665"/></styleSelector></styleDeclaration><styleDeclaration><styleBlock><styleBlock><borderColor><color value="#333333"/></borderColor></styleBlock></styleBlock><styleSelector><simpleSelector value="#6_253942665"/></styleSelector></styleDeclaration><styleDeclaration><styleBlock><styleBlock><fontClass><string value="custom-arimo"/></fontClass></styleBlock></styleBlock><styleSelector><simpleSelector value="#6_30863873"/></styleSelector></styleDeclaration><styleDeclaration><styleBlock><styleBlock><fontClass><string value="custom-arimo"/></fontClass></styleBlock></styleBlock><styleSelector><simpleSelector value="#7_253942665"/></styleSelector></styleDeclaration><styleDeclaration><styleBlock><styleBlock><fontClass><string value="custom-arimo"/></fontClass></styleBlock></styleBlock><styleSelector><simpleSelector value="#7_30863873"/></styleSelector></styleDeclaration><styleDeclaration><styleBlock><styleBlock><fontClass><string value="custom-arimo"/></fontClass></styleBlock></styleBlock><styleSelector><simpleSelector value="#8_253942665"/></styleSelector></styleDeclaration><styleDeclaration><styleBlock><styleBlock><fontClass><string value="custom-arimo"/></fontClass></styleBlock></styleBlock><styleSelector><simpleSelector value="#8_30863873"/></styleSelector></styleDeclaration><styleDeclaration><styleBlock><styleBlock><borderColor><color value="#333333"/></borderColor></styleBlock></styleBlock><styleSelector><simpleSelector value="#9_253942665"/></styleSelector></styleDeclaration><styleDeclaration><styleBlock><styleBlock><fontClass><string value="custom-arimo"/></fontClass></styleBlock></styleBlock><styleSelector><simpleSelector value="#9_30863873"/></styleSelector></styleDeclaration></array></styleDeclarations></documentStyle></documentStyle><path><array><flyToObject><target><ref value="1_24309637"/></target></flyToObject><flyToObject><target><ref value="28_30863873"/></target></flyToObject><flyToObject><target><ref value="29_30863873"/></target></flyToObject><flyToObject><target><ref value="0_253942665"/></target></flyToObject><flyToObject><target><ref value="6_253942665"/></target></flyToObject><flyToObject><target><ref value="3_253942665"/></target></flyToObject><flyToObject><target><ref value="31_30863873"/></target></flyToObject><flyToObject><target><ref value="30_30863873"/></target></flyToObject><flyToObject><target><ref value="18_253942665"/></target></flyToObject><flyToObject><target><ref value="32_30863873"/></target></flyToObject><flyToObject><target><ref value="9_253942665"/></target></flyToObject><flyToObject><target><ref value="14_253942665"/></target></flyToObject><flyToObject><target><ref value="16_253942665"/></target></flyToObject><flyToObject><target><ref value="24_253942665"/></target></flyToObject><flyToObject><target><ref value="10_253942665"/></target></flyToObject></array></path><zObjects><array><zInvisibleFrame><height><double value="538.8688761569865"/></height><id><string value="1_24309637"/></id><localToWorld><transform2D x="-1.714868929537266E-12" y="0" scale="80.26486181338271" rotation="0"/></localToWorld><styleClasses><array><token value="invisible"/></array></styleClasses><width><double value="831.0598407373993"/></width></zInvisibleFrame><zCircleFrame><height><double value="784.849772649475"/></height><id><string value="18_253942665"/></id><localToWorld><transform2D x="-10364.754539344112" y="10590.56295567342" scale="13.677428259167597" rotation="0"/></localToWorld><styleClasses><array><token value="circle"/></array></styleClasses><width><double value="784.849772649475"/></width></zCircleFrame><zImage><assetSourceFilename><string value="homeautomation.jpg"/></assetSourceFilename><height><double value="567"/></height><id><string value="20_253942665"/></id><localToWorld><transform2D x="-10364.848815260519" y="11128.5956106076" scale="7.69757368300815" rotation="0"/></localToWorld><onlineAssetId><string value="4749363564"/></onlineAssetId><onlineAssetUrl><string value="http://0103.static.prezi.com.s3.amazonaws.com/media/8/7/5/26cf17541e88b88ce0bb5de51d2c64db1a963.jpg"/></onlineAssetUrl><width><double value="986"/></width></zImage><zCircleFrame><height><double value="800"/></height><id><string value="28_30863873"/></id><localToWorld><transform2D x="1508.650136974973" y="-4947.67898224683" scale="26.042021532613344" rotation="0"/></localToWorld><styleClasses><array><token value="circle"/></array></styleClasses><width><double value="800"/></width></zCircleFrame><zCircleFrame><height><double value="600"/></height><id><string value="29_30863873"/></id><localToWorld><transform2D x="-14044.776383495815" y="-15298.136622886152" scale="16.85289501382824" rotation="0"/></localToWorld><styleClasses><array><token value="circle"/></array></styleClasses><width><double value="600.3291278113"/></width></zCircleFrame><zCircleFrame><height><double value="800"/></height><id><string value="30_30863873"/></id><localToWorld><transform2D x="17189.530984931924" y="-15159.852842737573" scale="10.289233214696011" rotation="0"/></localToWorld><styleClasses><array><token value="circle"/></array></styleClasses><width><double value="800"/></width></zCircleFrame><zCircleFrame><height><double value="600"/></height><id><string value="31_30863873"/></id><localToWorld><transform2D x="-19337.398286717544" y="-1136.4124594570185" scale="22.140802829467155" rotation="0"/></localToWorld><styleClasses><array><token value="circle"/></array></styleClasses><width><double value="600.250521920668"/></width></zCircleFrame><zCircleFrame><height><double value="800"/></height><id><string value="32_30863873"/></id><localToWorld><transform2D x="23707.95753636579" y="-2865.9832327119575" scale="17.22267877715963" rotation="0"/></localToWorld><styleClasses><array><token value="circle"/></array></styleClasses><width><double value="800"/></width></zCircleFrame><zText><id><string value="12_4"/></id><localToWorld><transform2D x="1505.372554428527" y="-9973.67214375952" scale="56.630727097307926" rotation="0"/></localToWorld><styleClasses><array><token value="subtitle"/></array></styleClasses><text><text><width>232.7773877898388</width><p align="center"><span weight="bold"><![CDATA[CAS-FEE @ HSR]]></span></p><p align="center"><span weight="bold"><![CDATA[Projekt 2]]></span></p></text></text></zText><zText><id><string value="6_30863873"/></id><localToWorld><transform2D x="-19340.327153424445" y="-5062.457717234489" scale="39.33366843701516" rotation="0"/></localToWorld><styleClasses><array><token value="subtitle"/></array></styleClasses><text><text><width>220.4993900181616</width><p align="center"><span weight="bold"><![CDATA[Positives]]></span></p></text></text></zText><zText><id><string value="7_30863873"/></id><localToWorld><transform2D x="-19497.563567420904" y="-1035.8999999999999" scale="24.431833169370936" rotation="0"/></localToWorld><styleClasses><array><token value="body"/></array></styleClasses><text><text><width>497.166011829292</width><p indent="1" listType="bullet"><span><![CDATA[wir haben es geschafft (und sind geschafft)]]></span></p><p indent="1" listType="bullet"><span><![CDATA[spannendes Projekt]]></span></p><p indent="1" listType="bullet"><span><![CDATA[Technologiestack]]></span></p><p indent="1" listType="bullet"><span><![CDATA[gutes Teamwork]]></span></p><p indent="1" listType="bullet"><span><![CDATA[Zusammenarbeit über GitHub]]></span></p></text></text></zText><zText><id><string value="8_30863873"/></id><localToWorld><transform2D x="23706.135466115436" y="-6494.568577378166" scale="43.78170455170024" rotation="0"/></localToWorld><styleClasses><array><token value="subtitle"/></array></styleClasses><text><text><width>220.4993900181616</width><p align="center"><span weight="bold"><![CDATA[Was haben wir gelernt]]></span></p></text></text></zText><zText><id><string value="9_30863873"/></id><localToWorld><transform2D x="24090.55" y="-2281.4000000000005" scale="22.049173921302618" rotation="0"/></localToWorld><styleClasses><array><token value="body"/></array></styleClasses><text><text><width>541.1237784827681</width><p indent="1" listType="bullet"><span><![CDATA[Projektumfang besser abschätzen]]></span></p><p indent="1" listType="bullet"><span><![CDATA[Mehr Zeit für Planung und Designbesprechungen nehmen]]></span></p><p indent="1" listType="bullet"><span><![CDATA[Häuferige Kommunikation per Telefon]]></span></p><p indent="1" listType="bullet"><span><![CDATA[Einen rechten Teil von Angular 2 - 4 kennengelernt]]></span></p><p indent="1" listType="bullet"><span><![CDATA[Typescrip auf gutem Level]]></span></p></text></text></zText><zText><id><string value="10_30863873"/></id><localToWorld><transform2D x="17119.02780448992" y="-17725.663778566795" scale="37.11663238367201" rotation="0"/></localToWorld><styleClasses><array><token value="subtitle"/></array></styleClasses><text><text><width>220.4993900181616</width><p align="center"><span weight="bold"><![CDATA[Negatives]]></span></p></text></text></zText><zText><id><string value="11_30863873"/></id><localToWorld><transform2D x="17226.64060661724" y="-15492.645249138748" scale="13.088185994507661" rotation="0"/></localToWorld><styleClasses><array><token value="body"/></array></styleClasses><text><text><width>513.4737784827681</width><p indent="1" listType="bullet"><span><![CDATA[Zu viel Zeit für die Serverimplementierung verwendet, als Folge Zeitdruck für Clientimplementierung]]></span></p><p indent="1" listType="bullet"><span><![CDATA[Kommunikation schwierig, mehr fixe Termine wären von Vorteil gewesen -> bessere Lösungen bei Grundsachenentscheiden]]></span></p><p indent="1" listType="bullet"><span><![CDATA[Modellierung der Entities zu sehr hardwarefokusiert]]></span></p></text></text></zText><zText><id><string value="0_30863873"/></id><localToWorld><transform2D x="-14162.758294400073" y="-18527.574723523892" scale="39.33366843701516" rotation="0"/></localToWorld><styleClasses><array><token value="subtitle"/></array></styleClasses><text><text><width>220.4993900181616</width><p align="center"><span weight="bold"><![CDATA[Umfang]]></span></p></text></text></zText><zText><id><string value="1_30863873"/></id><localToWorld><transform2D x="-13395.667075747093" y="-15866.891235998764" scale="17.625016240922665" rotation="0"/></localToWorld><styleClasses><array><token value="body"/></array></styleClasses><text><text><width>469.0751557993766</width><p indent="1" listType="bullet"><span><![CDATA[Steuerung von Rollläden]]></span></p><p indent="1" listType="bullet"><span><![CDATA[Visualisierung von Temperaturen]]></span></p><p indent="1" listType="bullet"><span><![CDATA[Visualisierung Luftfeuchtigkeit]]></span></p><p indent="1" listType="bullet"><span><![CDATA[Benutzermanagement]]></span></p><p indent="1" listType="bullet"><span><![CDATA[Devicemanagement]]></span></p></text></text></zText><zText><id><string value="0"/></id><localToWorld><transform2D x="1507.0615993769075" y="-4764.657522953535" scale="75.48988433525982" rotation="0"/></localToWorld><styleClasses><array><token value="subtitle"/></array></styleClasses><text><text><width>232.8</width><p align="center"><span weight="bold"><![CDATA[HOMEAUTOMATION]]></span></p></text></text></zText><zText><id><string value="2"/></id><localToWorld><transform2D x="1507.289657893438" y="1229.9064431331294" scale="49.71091131254487" rotation="0"/></localToWorld><styleClasses><array><token value="title"/></array></styleClasses><text><text><width>223.9168641300049</width><p align="center"><span color="4859720"><![CDATA[David Leuenberger]]></span></p><p align="center"><span color="4859720"><![CDATA[Stephan Keel]]></span></p></text></text></zText><zCircleFrame><height><double value="800"/></height><id><string value="0_253942665"/></id><localToWorld><transform2D x="-16536.84484133516" y="-13067.207653085421" scale="2.7442400079622287" rotation="0"/></localToWorld><styleClasses><array><token value="circle"/></array></styleClasses><width><double value="800"/></width></zCircleFrame><zText><id><string value="1_253942665"/></id><localToWorld><transform2D x="-16537.376646180885" y="-13647.154082528552" scale="9.717963046435873" rotation="0"/></localToWorld><styleClasses><array><token value="title"/></array></styleClasses><text><text><width>220.4993900181616</width><p align="center"><span weight="bold"><![CDATA[Technologien]]></span></p></text></text></zText><zText><id><string value="2_253942665"/></id><localToWorld><transform2D x="-16537.379338463685" y="-12954.142695854047" scale="6.30463217303911" rotation="0"/></localToWorld><styleClasses><array><token value="body"/></array></styleClasses><text><text><width>260.0752550037914</width><p indent="1" listType="bullet"><span><![CDATA[Angular Client]]></span></p><p indent="1" listType="bullet"><span><![CDATA[Node Server]]></span></p><p indent="1" listType="bullet"><span><![CDATA[Express]]></span></p><p indent="1" listType="bullet"><span><![CDATA[REST, WebSocket]]></span></p><p indent="1" listType="bullet"><span><![CDATA[MongoDb]]></span></p><p indent="1" listType="bullet"><span><![CDATA[Typescript]]></span></p></text></text></zText><zCircleFrame><height><double value="800"/></height><id><string value="6_253942665"/></id><localToWorld><transform2D x="-14044.4247610953" y="-12087.31359051554" scale="2.7442400079622287" rotation="0"/></localToWorld><styleClasses><array><token value="circle"/></array></styleClasses><width><double value="800"/></width></zCircleFrame><zText><id><string value="7_253942665"/></id><localToWorld><transform2D x="-14044.922739244976" y="-12891.03150724891" scale="9.717963046435873" rotation="0"/></localToWorld><styleClasses><array><token value="title"/></array></styleClasses><text><text><width>220.4993900181616</width><p align="center"><span weight="bold"><![CDATA[Server]]></span></p></text></text></zText><zText><id><string value="8_253942665"/></id><localToWorld><transform2D x="-14068.416593503094" y="-12127.03950834067" scale="5.38792864294639" rotation="0"/></localToWorld><styleClasses><array><token value="body"/></array></styleClasses><text><text><width>372.9239074363393</width><p indent="1" listType="bullet"><span><![CDATA[Produktion auf Beaglebone Black (ARM)]]></span></p><p indent="1" listType="bullet"><span><![CDATA[Entwicklung mit HW Simulation ]]></span></p><p indent="1" listType="bullet"><span><![CDATA[Gulp Building Tool]]></span></p><p indent="1" listType="bullet"><span><![CDATA[Unit Test, Integration Tests]]></span></p></text></text></zText><zCircleFrame><height><double value="800"/></height><id><string value="9_253942665"/></id><localToWorld><transform2D x="15688.614455536224" y="11199.028455394742" scale="14.687779322870776" rotation="0"/></localToWorld><styleClasses><array><token value="circle"/></array></styleClasses><width><double value="800"/></width></zCircleFrame><zText><id><string value="13_253942665"/></id><localToWorld><transform2D x="15833.327987220793" y="7743.250463583397" scale="31.120573502304826" rotation="0"/></localToWorld><styleClasses><array><token value="title"/></array></styleClasses><text><text><width>-208.04296875</width><p><span weight="bold" color="4859720"><![CDATA[Mögliche nächste ]]></span></p><p align="center"><span weight="bold" color="4859720"><![CDATA[Schritte]]></span></p></text></text></zText><zCircleFrame><height><double value="800"/></height><id><string value="14_253942665"/></id><localToWorld><transform2D x="13568.254819628619" y="14691.47977868836" scale="1.4759427026884806" rotation="0"/></localToWorld><styleClasses><array><token value="circle"/></array></styleClasses><width><double value="800"/></width></zCircleFrame><zText><id><string value="15_253942665"/></id><localToWorld><transform2D x="13633.776581531412" y="14690.63129544068" scale="2.5286536610089985" rotation="0"/></localToWorld><styleClasses><array><token value="title"/></array></styleClasses><text><text><width>400.4126776284684</width><p><span weight="bold" color="4859720"><![CDATA[Auftrennung vom Server:]]></span></p><p/><p indent="1" listType="bullet"><span color="4859720"><![CDATA[Node, Express, Mongo auf potenter Hardware]]></span></p><p indent="1" listType="bullet"><span color="4859720"><![CDATA[BeagleBones nur zur Deviceanbindung]]></span></p><p indent="1" listType="bullet"><span color="4859720"><![CDATA[Verwendnung eines standard Homeautomation Protokolls]]></span></p></text></text></zText><zCircleFrame><height><double value="800"/></height><id><string value="16_253942665"/></id><localToWorld><transform2D x="15024.72345219883" y="15163.425016221307" scale="1.6568131099981196" rotation="0"/></localToWorld><styleClasses><array><token value="circle"/></array></styleClasses><width><double value="800"/></width></zCircleFrame><zText><id><string value="17_253942665"/></id><localToWorld><transform2D x="15024.629176282424" y="14834.159124352846" scale="3.131430468241024" rotation="0"/></localToWorld><styleClasses><array><token value="title"/></array></styleClasses><text><text><width>-228.0703125</width><p align="center"><span weight="bold" color="4859720"><![CDATA[Redesign der]]></span></p><p align="center"><span weight="bold" color="4859720"><![CDATA[Devicemodellierung]]></span></p></text></text></zText><zText><id><string value="19_253942665"/></id><localToWorld><transform2D x="-10367.087509003819" y="7353.427723123077" scale="56.630727097307926" rotation="0"/></localToWorld><styleClasses><array><token value="title"/></array></styleClasses><text><text><width>-66.6796875</width><p><span weight="bold" color="4859720"><![CDATA[Demo]]></span></p></text></text></zText><zImage><assetSourceFilename><string value="dbcn143_hi.jpg"/></assetSourceFilename><height><double value="1350"/></height><id><string value="21_253942665"/></id><localToWorld><transform2D x="15688.708731452623" y="11198.5570758127" scale="3.624576525153619" rotation="0"/></localToWorld><onlineAssetId><string value="4749374761"/></onlineAssetId><onlineAssetUrl><string value="http://0103.static.prezi.com.s3.amazonaws.com/media/c/d/b/7906c30ca85e8e6b22e9e6ff4d1390f59f473.jpg"/></onlineAssetUrl><width><double value="1800"/></width></zImage><zText><id><string value="22_253942665"/></id><localToWorld><transform2D x="14742.952455838993" y="15183.05586610741" scale="2.8977548856561013" rotation="0"/></localToWorld><styleClasses><array><token value="title"/></array></styleClasses><text><text><width>-164.0390625</width><p><span weight="bold"><![CDATA[Housekeeping]]></span></p></text></text></zText><zText><id><string value="23_253942665"/></id><localToWorld><transform2D x="15123.758402860452" y="15473.524923999139" scale="2.5286536610089985" rotation="0"/></localToWorld><styleClasses><array><token value="title"/></array></styleClasses><text><text><width>-266.625</width><p><span weight="bold"><![CDATA[MongoDb Modellierung]]></span></p></text></text></zText><zCircleFrame><height><double value="800"/></height><id><string value="24_253942665"/></id><localToWorld><transform2D x="16748.275755949777" y="15143.344246026623" scale="1.393984106195489" rotation="0"/></localToWorld><styleClasses><array><token value="circle"/></array></styleClasses><width><double value="800"/></width></zCircleFrame><zText><id><string value="25_253942665"/></id><localToWorld><transform2D x="16751.00975752557" y="14784.812935931182" scale="3.4452178134955838" rotation="0"/></localToWorld><styleClasses><array><token value="title"/></array></styleClasses><text><text><width>-138.69140625</width><p align="center"><span weight="bold" color="4859720"><![CDATA[Funktionale]]></span></p><p align="center"><span weight="bold" color="4859720"><![CDATA[Erweiterung]]></span></p></text></text></zText><zText><id><string value="26_253942665"/></id><localToWorld><transform2D x="16789.499999999996" y="15167.7" scale="2.8977548856561013" rotation="0"/></localToWorld><styleClasses><array><token value="title"/></array></styleClasses><text><text><width>-305.49609375</width><p indent="1" listType="bullet"><span color="4859720"><![CDATA[Räume]]></span></p><p indent="1" listType="bullet"><span color="4859720"><![CDATA[Gruppenbildung]]></span></p><p indent="1" listType="bullet"><span color="4859720"><![CDATA[Automation der Rollläden]]></span></p><p indent="1" listType="bullet"><span color="4859720"><![CDATA[Alarmierung]]></span></p><p indent="1" listType="bullet"><span color="4859720"><![CDATA[Neue Devices]]></span></p></text></text></zText><zCircleFrame><height><double value="800"/></height><id><string value="3_253942665"/></id><localToWorld><transform2D x="-11550.21992976297" y="-13247.806409130837" scale="2.5274030730512926" rotation="0"/></localToWorld><styleClasses><array><token value="circle"/></array></styleClasses><width><double value="800"/></width></zCircleFrame><zText><id><string value="4_253942665"/></id><localToWorld><transform2D x="-11550.698419666396" y="-13851.660667252" scale="11.51021285946064" rotation="0"/></localToWorld><styleClasses><array><token value="body"/></array></styleClasses><text><text><width>-66.66796875</width><p><span weight="bold"><![CDATA[Client]]></span></p></text></text></zText><zText><id><string value="5_253942665"/></id><localToWorld><transform2D x="-11466.388498683073" y="-13313.07243195788" scale="4.6475522661732525" rotation="0"/></localToWorld><styleClasses><array><token value="body"/></array></styleClasses><text><text><width>403.6375</width><p indent="1" listType="bullet"><span><![CDATA[Single Page Applikation]]></span></p><p indent="1" listType="bullet"><span><![CDATA[Angular 2 - 4]]></span></p><p indent="1" listType="bullet"><span><![CDATA[Angular CLI]]></span></p><p indent="1" listType="bullet"><span><![CDATA[UI-Libs: Material2, PrimeNG]]></span></p><p indent="1" listType="bullet"><span><![CDATA[Unit Tests]]></span></p></text></text></zText><zCircleFrame><height><double value="800"/></height><id><string value="10_253942665"/></id><localToWorld><transform2D x="1508.7" y="14321.15" scale="5.325011103990273" rotation="0"/></localToWorld><styleClasses><array><token value="circle"/></array></styleClasses><width><double value="800"/></width></zCircleFrame><zText><id><string value="11_253942665"/></id><localToWorld><transform2D x="1459.9" y="13263.85" scale="14.15591228052169" rotation="0"/></localToWorld><styleClasses><array><token value="body"/></array></styleClasses><text><text><width>189.95625</width><p align="center"><span weight="bold"><![CDATA[Danke für Eure Aufmerksamkeit]]></span></p></text></text></zText><zText><id><string value="12_253942665"/></id><localToWorld><transform2D x="1472.05" y="14870.6" scale="24.918147777273923" rotation="0"/></localToWorld><styleClasses><array><token value="body"/></array></styleClasses><text><text><width>-94.67578125</width><p><span weight="bold"><![CDATA[Fragen?]]></span></p></text></text></zText></array></zObjects></prezi>